date;bugs;new_bugs;new_reliability_rating;new_reliability_remediation_effort;reliability_rating;reliability_remediation_effort;new_security_rating;new_security_remediation_effort;new_vulnerabilities;security_rating;security_remediation_effort;vulnerabilities;code_smells;development_cost;effort_to_reach_maintainability_rating_a;new_code_smells;new_maintainability_rating;new_sqale_debt_ratio;new_technical_debt;sqale_debt_ratio;sqale_index;sqale_rating;normalized_td;branch_coverage;conditions_by_line;conditions_to_cover;coverage;coverage_line_hits_data;covered_conditions_by_line;executable_lines_data;it_branch_coverage;it_conditions_by_line;it_conditions_to_cover;it_coverage;it_coverage_line_hits_data;it_covered_conditions_by_line;it_line_coverage;it_lines_to_cover;it_uncovered_conditions;it_uncovered_lines;line_coverage;lines_to_cover;new_branch_coverage;new_conditions_to_cover;new_coverage;new_it_branch_coverage;new_it_conditions_to_cover;new_it_coverage;new_it_line_coverage;new_it_lines_to_cover;new_it_uncovered_conditions;new_it_uncovered_lines;new_line_coverage;new_lines_to_cover;new_overall_branch_coverage;new_overall_conditions_to_cover;new_overall_coverage;new_overall_line_coverage;new_overall_lines_to_cover;new_overall_uncovered_conditions;new_overall_uncovered_lines;new_uncovered_conditions;new_uncovered_lines;overall_branch_coverage;overall_conditions_by_line;overall_conditions_to_cover;overall_coverage;overall_coverage_line_hits_data;overall_covered_conditions_by_line;overall_line_coverage;overall_lines_to_cover;overall_uncovered_conditions;overall_uncovered_lines;skipped_tests;test_data;test_errors;test_execution_time;test_failures;test_success_density;tests;uncovered_conditions;uncovered_lines;duplicated_blocks;duplicated_files;duplicated_lines;duplicated_lines_density;duplications_data;new_duplicated_blocks;new_duplicated_lines;new_duplicated_lines_density;classes;comment_lines;comment_lines_data;comment_lines_density;directories;files;functions;generated_lines;generated_ncloc;lines;ncloc;ncloc_data;ncloc_language_distribution;new_lines;projects;statements;team_size;class_complexity;class_complexity_distribution;cognitive_complexity;complexity;complexity_in_classes;complexity_in_functions;file_complexity;file_complexity_distribution;function_complexity;function_complexity_distribution;blocker_violations;confirmed_issues;critical_violations;false_positive_issues;info_violations;major_violations;minor_violations;new_blocker_violations;new_critical_violations;new_info_violations;new_major_violations;new_minor_violations;new_violations;open_issues;reopened_issues;violations;wont_fix_issues;commented_out_code_lines;public_api;public_documented_api_density;public_undocumented_api
2016-11-04;669.0;;;;5.0;7163.0;;;;5.0;7600.0;616.0;18863.0;7445490.0;0.0;;;;;2.9;214557.0;1.0;0.8645112678950613;;;;0.0;;;;;;;;;;;;;;0.0;165696.0;;;;;;;;;;;;;;;;;;;;;;;;;;;;;;;;;;;;;;;;165696.0;1440.0;290.0;22621.0;6.6;;;;;1827.0;27357.0;;9.9;240.0;1124.0;15103.0;;;341239.0;248183.0;;"java=248178;js=5";;;148887.0;;26.1;;68752.0;47607.0;;;42.4;"0=226;5=213;10=193;20=116;30=176;60=66;90=134";3.1;"1=8114;2=3031;4=1333;6=596;8=335;10=201;12=688";86.0;0.0;8276.0;0.0;443.0;4904.0;6439.0;;;;;;;20148.0;0.0;20148.0;0.0;;;;
2016-11-11;669.0;;;;5.0;7163.0;;;;5.0;7600.0;616.0;18860.0;7445070.0;0.0;;;0.0;;2.9;214519.0;1.0;0.864406916254649;;;;0.0;;;;;;;;;;;;;;0.0;165682.0;;;;;;;;;;;;;;;;;;;;;;;;;;;;;;;;;;;;;;;;165682.0;1440.0;290.0;22621.0;6.6;;;;;1827.0;27357.0;;9.9;240.0;1124.0;15103.0;;;341225.0;248169.0;;"java=248164;js=5";;;148880.0;;26.1;;68745.0;47607.0;;;42.4;"0=226;5=213;10=193;20=116;30=176;60=66;90=134";3.1;"1=8114;2=3031;4=1333;6=596;8=335;10=201;12=688";86.0;0.0;8273.0;0.0;443.0;4904.0;6439.0;;;;;;;20145.0;0.0;20145.0;0.0;;;;
2016-11-18;669.0;;;;5.0;7163.0;;;;5.0;7600.0;616.0;18859.0;7445160.0;0.0;;;0.0;;2.9;214518.0;1.0;0.8643924375030221;;;;0.0;;;;;;;;;;;;;;0.0;165684.0;;;;;;;;;;;;;;;;;;;;;;;;;;;;;;;;;;;;;;;;165684.0;1440.0;290.0;22621.0;6.6;;;;;1827.0;27355.0;;9.9;240.0;1124.0;15103.0;;;341224.0;248172.0;;"java=248167;js=5";;;148882.0;;26.1;;68746.0;47608.0;;;42.4;"0=226;5=213;10=193;20=116;30=176;60=66;90=134";3.1;"1=8114;2=3031;4=1333;6=596;8=335;10=201;12=688";86.0;0.0;8273.0;0.0;443.0;4903.0;6439.0;;;;;;;20144.0;0.0;20144.0;0.0;;;;
2016-11-25;683.0;;;;5.0;7298.0;;;;5.0;7735.0;625.0;19090.0;7550250.0;0.0;;;0.0;;2.9;217068.0;1.0;0.8624932949240092;;;;0.0;;;;;;;;;;;;;;0.0;167858.0;;;;;;;;;;;;;;;;;;;;;;;;;;;;;;;;;;;;;;;;167858.0;1467.0;301.0;23062.0;6.6;;;;;1845.0;28174.0;;10.1;246.0;1142.0;15357.0;;;347109.0;251675.0;;"java=251670;js=5";;;150818.0;;26.2;;69646.0;48311.0;;;42.3;"0=231;5=214;10=198;20=117;30=177;60=68;90=137";3.1;"1=8204;2=3084;4=1358;6=606;8=346;10=204;12=697";88.0;0.0;8353.0;0.0;443.0;4993.0;6521.0;;;;;;;20398.0;0.0;20398.0;0.0;;;;
2016-12-02;683.0;;;;5.0;7298.0;;;;5.0;7735.0;625.0;19078.0;7547790.0;0.0;;;0.0;;2.9;216926.0;1.0;0.8622099978934231;;;;0.0;;;;;;;;;;;;;;0.0;167806.0;;;;;;;;;;;;;;;;;;;;;;;;;;;;;;;;;;;;;;;;167806.0;1467.0;301.0;23062.0;6.6;;;;;1845.0;28195.0;;10.1;246.0;1141.0;15358.0;;;347057.0;251593.0;;"java=251588;js=5";;;150777.0;;26.2;;69579.0;48306.0;;;42.3;"0=230;5=215;10=197;20=117;30=177;60=68;90=137";3.1;"1=8201;2=3088;4=1360;6=605;8=346;10=205;12=695";88.0;0.0;8349.0;0.0;442.0;4991.0;6516.0;;;;;;;20386.0;0.0;20386.0;0.0;;;;
2016-12-09;681.0;;;;5.0;7281.0;;;;5.0;7735.0;625.0;19074.0;7546470.0;0.0;;;0.0;;2.9;216890.0;1.0;0.8622176991361524;;;;0.0;;;;;;;;;;;;;;0.0;167787.0;;;;;;;;;;;;;;;;;;;;;;;;;;;;;;;;;;;;;;;;167787.0;1467.0;301.0;23062.0;6.6;;;;;1844.0;28192.0;;10.1;246.0;1139.0;15353.0;;;346983.0;251549.0;;"java=251544;js=5";;;150759.0;;26.2;;69554.0;48294.0;;;42.4;"0=229;5=215;10=196;20=118;30=175;60=69;90=137";3.1;"1=8199;2=3083;4=1362;6=605;8=348;10=203;12=695";87.0;0.0;8346.0;0.0;443.0;4990.0;6514.0;;;;;;;20380.0;0.0;20380.0;0.0;;;;
2016-12-16;681.0;;;;5.0;7281.0;;;;5.0;7735.0;625.0;19076.0;7546410.0;0.0;;;0.0;;2.9;216894.0;1.0;0.8622404560579137;;;;0.0;;;;;;;;;;;;;;0.0;167787.0;;;;;;;;;;;;;;;;;;;;;;;;;;;;;;;;;;;;;;;;167787.0;1467.0;301.0;23062.0;6.6;;;;;1844.0;28241.0;;10.1;246.0;1139.0;15353.0;;;347043.0;251547.0;;"java=251542;js=5";;;150759.0;;26.2;;69554.0;48294.0;;;42.4;"0=229;5=215;10=196;20=118;30=175;60=69;90=137";3.1;"1=8199;2=3083;4=1362;6=605;8=348;10=203;12=695";87.0;0.0;8346.0;0.0;443.0;4990.0;6516.0;;;;;;;20382.0;0.0;20382.0;0.0;;;;
2016-12-23;681.0;;;;5.0;7281.0;;;;5.0;7735.0;625.0;19071.0;7544880.0;0.0;;;0.0;;2.9;216862.0;1.0;0.8622880681998919;;;;0.0;;;;;;;;;;;;;;0.0;167748.0;;;;;;;;;;;;;;;;;;;;;;;;;;;;;;;;;;;;;;;;167748.0;1467.0;301.0;23062.0;6.6;;;;;1845.0;28251.0;;10.1;246.0;1140.0;15350.0;;;347029.0;251496.0;;"java=251491;js=5";;;150717.0;;26.2;;69528.0;48274.0;;;42.3;"0=229;5=215;10=197;20=119;30=174;60=69;90=137";3.1;"1=8204;2=3078;4=1360;6=604;8=348;10=203;12=695";87.0;0.0;8346.0;0.0;443.0;4988.0;6513.0;;;;;;;20377.0;0.0;20377.0;0.0;;;;
2016-12-30;681.0;;;;5.0;7281.0;;;;5.0;7735.0;625.0;19071.0;7545090.0;0.0;;;0.0;;2.9;216867.0;1.0;0.8622839488992179;;;;0.0;;;;;;;;;;;;;;0.0;167752.0;;;;;;;;;;;;;;;;;;;;;;;;;;;;;;;;;;;;;;;;167752.0;1467.0;301.0;23062.0;6.6;;;;;1845.0;28256.0;;10.1;246.0;1140.0;15351.0;;;347042.0;251503.0;;"java=251498;js=5";;;150720.0;;26.2;;69529.0;48275.0;;;42.3;"0=229;5=215;10=197;20=119;30=174;60=69;90=137";3.1;"1=8205;2=3078;4=1360;6=605;8=347;10=203;12=695";87.0;0.0;8346.0;0.0;443.0;4988.0;6513.0;;;;;;;20377.0;0.0;20377.0;0.0;;;;
2017-01-06;681.0;;;;5.0;7281.0;;;;5.0;7735.0;625.0;19122.0;7547670.0;0.0;;;0.0;;2.9;217317.0;1.0;0.863777828124441;;;;0.0;;;;;;;;;;;;;;0.0;167809.0;;;;;;;;;;;;;;;;;;;;;;;;;;;;;;;;;;;;;;;;167809.0;1467.0;301.0;23062.0;6.6;;;;;1845.0;28283.0;;10.1;246.0;1140.0;15356.0;;;347163.0;251589.0;;"java=251584;js=5";;;150759.0;;26.2;;69544.0;48286.0;;;42.4;"0=229;5=215;10=197;20=119;30=174;60=69;90=137";3.1;"1=8210;2=3077;4=1361;6=605;8=346;10=204;12=695";87.0;0.0;8353.0;0.0;453.0;5006.0;6529.0;;;;;;;20428.0;0.0;20428.0;0.0;;;;
2017-01-13;681.0;;;;5.0;7281.0;;;;5.0;7735.0;625.0;19107.0;7547460.0;0.0;;;0.0;;2.9;217151.0;1.0;0.8631420371886701;;;;0.0;;;;;;;;;;;;;;0.0;167806.0;;;;;;;;;;;;;;;;;;;;;;;;;;;;;;;;;;;;;;;;167806.0;1465.0;301.0;23044.0;6.6;;;;;1845.0;28283.0;;10.1;246.0;1140.0;15356.0;;;347155.0;251582.0;;"java=251577;js=5";;;150755.0;;26.2;;69544.0;48286.0;;;42.4;"0=229;5=215;10=197;20=119;30=174;60=69;90=137";3.1;"1=8210;2=3077;4=1361;6=605;8=346;10=204;12=695";87.0;0.0;8352.0;0.0;453.0;4999.0;6522.0;;;;;;;20413.0;0.0;20413.0;0.0;;;;
2017-01-20;681.0;;;;5.0;7281.0;;;;5.0;7735.0;625.0;19107.0;7547490.0;0.0;;;0.0;;2.9;217151.0;1.0;0.8631386063446258;;;;0.0;;;;;;;;;;;;;;0.0;167807.0;;;;;;;;;;;;;;;;;;;;;;;;;;;;;;;;;;;;;;;;167807.0;1465.0;301.0;23044.0;6.6;;;;;1845.0;28283.0;;10.1;246.0;1140.0;15356.0;;;347156.0;251583.0;;"java=251578;js=5";;;150756.0;;26.2;;69544.0;48286.0;;;42.4;"0=229;5=215;10=197;20=119;30=174;60=69;90=137";3.1;"1=8210;2=3077;4=1361;6=605;8=346;10=204;12=695";87.0;0.0;8352.0;0.0;453.0;4999.0;6522.0;;;;;;;20413.0;0.0;20413.0;0.0;;;;
2017-01-27;684.0;;;;5.0;7295.0;;;;5.0;8035.0;655.0;19280.0;7590540.0;0.0;;;0.0;;2.9;218537.0;1.0;0.8637211581784695;;;;0.0;;;;;;;;;;;;;;0.0;168851.0;;;;;;;;;;;;;;;;;;;;;;;;;;;;;;;;;;;;;;;;168851.0;1463.0;300.0;23030.0;6.6;;;;;1849.0;28434.0;;10.1;247.0;1144.0;15387.0;;;348979.0;253018.0;;"java=253013;js=5";;;151657.0;;26.2;;69741.0;48419.0;;;42.3;"0=229;5=214;10=200;20=121;30=173;60=70;90=137";3.1;"1=8217;2=3088;4=1366;6=606;8=348;10=209;12=695";87.0;0.0;8421.0;0.0;459.0;5035.0;6617.0;;;;;;;20619.0;0.0;20619.0;0.0;;;;
2017-02-03;684.0;;;;5.0;7295.0;;;;5.0;8035.0;655.0;19282.0;7590630.0;0.0;;;0.0;;2.9;218545.0;1.0;0.8637425352045878;;;;0.0;;;;;;;;;;;;;;0.0;168854.0;;;;;;;;;;;;;;;;;;;;;;;;;;;;;;;;;;;;;;;;168854.0;1463.0;300.0;23030.0;6.6;;;;;1849.0;28434.0;;10.1;247.0;1144.0;15387.0;;;348980.0;253021.0;;"java=253016;js=5";;;151660.0;;26.2;;69742.0;48420.0;;;42.3;"0=229;5=214;10=200;20=121;30=173;60=70;90=137";3.1;"1=8217;2=3088;4=1366;6=606;8=348;10=209;12=695";87.0;0.0;8422.0;0.0;459.0;5035.0;6618.0;;;;;;;20621.0;0.0;20621.0;0.0;;;;
2017-02-10;643.0;;;;5.0;6866.0;;;;5.0;7300.0;596.0;17859.0;7132290.0;0.0;;;0.0;;2.9;204243.0;1.0;0.859091540024312;;;;0.0;;;;;;;;;;;;;;0.0;158803.0;;;;;;;;;;;;;;;;;;;;;;;;;;;;;;;;;;;;;;;;158803.0;1357.0;268.0;21160.0;6.5;;;;;1766.0;26506.0;;10.0;207.0;1062.0;14664.0;;;327168.0;237743.0;;"java=237738;js=5";;;142695.0;;26.1;;65951.0;46017.0;;;43.3;"0=214;5=202;10=176;20=114;30=163;60=62;90=131";3.1;"1=7887;2=2948;4=1293;6=572;8=316;10=187;12=665";84.0;0.0;7842.0;0.0;433.0;4619.0;6120.0;;;;;;;19098.0;0.0;19098.0;0.0;;;;
2017-02-17;643.0;;;;5.0;6866.0;;;;5.0;7300.0;596.0;17853.0;7127340.0;0.0;;;0.0;;2.9;204213.0;1.0;0.8595619122982768;;;;0.0;;;;;;;;;;;;;;0.0;158718.0;;;;;;;;;;;;;;;;;;;;;;;;;;;;;;;;;;;;;;;;158718.0;1357.0;268.0;21160.0;6.5;;;;;1762.0;26498.0;;10.0;207.0;1061.0;14650.0;;;326952.0;237578.0;;"java=237573;js=5";;;142621.0;;26.1;;65924.0;45990.0;;;43.3;"0=214;5=202;10=176;20=113;30=163;60=62;90=131";3.1;"1=7880;2=2943;4=1291;6=572;8=316;10=187;12=665";84.0;0.0;7839.0;0.0;433.0;4618.0;6118.0;;;;;;;19092.0;0.0;19092.0;0.0;;;;
2017-02-24;643.0;;;;5.0;6866.0;;;;5.0;7300.0;596.0;17853.0;7127460.0;0.0;;;0.0;;2.9;204213.0;1.0;0.8595474404626613;;;;0.0;;;;;;;;;;;;;;0.0;158721.0;;;;;;;;;;;;;;;;;;;;;;;;;;;;;;;;;;;;;;;;158721.0;1357.0;268.0;21160.0;6.5;;;;;1762.0;26498.0;;10.0;207.0;1061.0;14650.0;;;326956.0;237582.0;;"java=237577;js=5";;;142624.0;;26.1;;65925.0;45991.0;;;43.3;"0=214;5=202;10=176;20=113;30=163;60=62;90=131";3.1;"1=7880;2=2943;4=1290;6=573;8=316;10=187;12=665";84.0;0.0;7839.0;0.0;433.0;4618.0;6118.0;;;;;;;19092.0;0.0;19092.0;0.0;;;;
2017-03-03;643.0;;;;5.0;6866.0;;;;5.0;7300.0;596.0;17852.0;7126410.0;0.0;;;0.0;;2.9;204208.0;1.0;0.8596530370831877;;;;0.0;;;;;;;;;;;;;;0.0;158695.0;;;;;;;;;;;;;;;;;;;;;;;;;;;;;;;;;;;;;;;;158695.0;1357.0;268.0;21160.0;6.5;;;;;1762.0;26495.0;;10.0;207.0;1061.0;14649.0;;;326905.0;237547.0;;"java=237542;js=5";;;142598.0;;26.1;;65920.0;45985.0;;;43.3;"0=214;5=202;10=176;20=113;30=163;60=62;90=131";3.1;"1=7880;2=2943;4=1290;6=573;8=315;10=187;12=665";84.0;0.0;7839.0;0.0;432.0;4618.0;6118.0;;;;;;;19091.0;0.0;19091.0;0.0;;;;
2017-03-10;643.0;;;;5.0;6866.0;;;;5.0;7300.0;596.0;17854.0;7126230.0;0.0;;;0.0;;2.9;204238.0;1.0;0.8598010448722536;;;;0.0;;;;;;;;;;;;;;0.0;158687.0;;;;;;;;;;;;;;;;;;;;;;;;;;;;;;;;;;;;;;;;158687.0;1357.0;268.0;21160.0;6.5;;;;;1762.0;26499.0;;10.0;207.0;1061.0;14650.0;;;326902.0;237541.0;;"java=237536;js=5";;;142598.0;;26.1;;65921.0;45980.0;;;43.3;"0=214;5=202;10=176;20=113;30=163;60=62;90=131";3.1;"1=7880;2=2946;4=1291;6=570;8=315;10=187;12=665";84.0;0.0;7841.0;0.0;432.0;4618.0;6118.0;;;;;;;19093.0;0.0;19093.0;0.0;;;;
2017-03-17;643.0;;;;5.0;6866.0;;;;5.0;7300.0;596.0;17855.0;7126590.0;0.0;;;0.0;;2.9;204243.0;1.0;0.859778659920102;;;;0.0;;;;;;;;;;;;;;0.0;158699.0;;;;;;;;;;;;;;;;;;;;;;;;;;;;;;;;;;;;;;;;158699.0;1357.0;268.0;21160.0;6.5;;;;;1762.0;26500.0;;10.0;207.0;1061.0;14650.0;;;326915.0;237553.0;;"java=237548;js=5";;;142610.0;;26.1;;65927.0;45982.0;;;43.3;"0=214;5=202;10=176;20=113;30=163;60=62;90=131";3.1;"1=7880;2=2946;4=1291;6=570;8=315;10=187;12=665";84.0;0.0;7843.0;0.0;432.0;4618.0;6117.0;;;;;;;19094.0;0.0;19094.0;0.0;;;;
2017-03-24;643.0;;;;5.0;6866.0;;;;5.0;7300.0;596.0;17830.0;7124130.0;0.0;;;0.0;;2.9;204115.0;1.0;0.8595365328819098;;;;0.0;;;;;;;;;;;;;;0.0;158660.0;;;;;;;;;;;;;;;;;;;;;;;;;;;;;;;;;;;;;;;;158660.0;1357.0;268.0;21131.0;6.5;;;;;1762.0;26499.0;;10.0;207.0;1061.0;14650.0;;;326816.0;237471.0;;"java=237466;js=5";;;142566.0;;26.1;;65863.0;45974.0;;;43.3;"0=214;5=202;10=176;20=113;30=163;60=62;90=131";3.1;"1=7881;2=2949;4=1288;6=569;8=315;10=188;12=664";84.0;0.0;7840.0;0.0;432.0;4600.0;6113.0;;;;;;;19069.0;0.0;19069.0;0.0;;;;
2017-03-31;643.0;;;;5.0;6866.0;;;;5.0;7300.0;596.0;17819.0;7123170.0;0.0;;;0.0;;2.9;203862.0;1.0;0.8585868370402503;;;;0.0;;;;;;;;;;;;;;0.0;158633.0;;;;;;;;;;;;;;;;;;;;;;;;;;;;;;;;;;;;;;;;158633.0;1352.0;268.0;21074.0;6.4;;;;;1763.0;26504.0;;10.0;207.0;1062.0;14652.0;;;326813.0;237439.0;;"java=237434;js=5";;;142538.0;;26.1;;65829.0;45973.0;;;43.3;"0=215;5=202;10=176;20=113;30=163;60=62;90=131";3.1;"1=7881;2=2951;4=1288;6=569;8=316;10=189;12=662";84.0;0.0;7840.0;0.0;432.0;4589.0;6113.0;;;;;;;19058.0;0.0;19058.0;0.0;;;;
2017-04-07;642.0;;;;5.0;6851.0;;;;5.0;7300.0;596.0;17817.0;7123020.0;0.0;;;0.0;;2.9;203850.0;1.0;0.8585543772164054;;;;0.0;;;;;;;;;;;;;;0.0;158629.0;;;;;;;;;;;;;;;;;;;;;;;;;;;;;;;;;;;;;;;;158629.0;1352.0;268.0;21074.0;6.4;;;;;1763.0;26504.0;;10.0;207.0;1062.0;14652.0;;;326808.0;237434.0;;"java=237429;js=5";;;142534.0;;26.1;;65825.0;45972.0;;;43.3;"0=215;5=202;10=176;20=113;30=163;60=62;90=131";3.1;"1=7881;2=2951;4=1288;6=569;8=316;10=189;12=662";84.0;0.0;7840.0;0.0;432.0;4588.0;6111.0;;;;;;;19055.0;0.0;19055.0;0.0;;;;
2017-04-14;642.0;;;;5.0;6851.0;;;;5.0;7300.0;596.0;17817.0;7122990.0;0.0;;;0.0;;2.9;203848.0;1.0;0.8585495697733676;;;;0.0;;;;;;;;;;;;;;0.0;158628.0;;;;;;;;;;;;;;;;;;;;;;;;;;;;;;;;;;;;;;;;158628.0;1352.0;268.0;21074.0;6.4;;;;;1763.0;26505.0;;10.0;207.0;1062.0;14652.0;;;326808.0;237433.0;;"java=237428;js=5";;;142533.0;;26.1;;65825.0;45972.0;;;43.3;"0=215;5=202;10=176;20=113;30=163;60=62;90=131";3.1;"1=7881;2=2951;4=1288;6=569;8=316;10=189;12=662";84.0;0.0;7840.0;0.0;432.0;4588.0;6111.0;;;;;;;19055.0;0.0;19055.0;0.0;;;;
2017-04-21;642.0;;;;5.0;6851.0;;;;5.0;7300.0;596.0;17817.0;7122990.0;0.0;;;0.0;;2.9;203848.0;1.0;0.8585495697733676;;;;0.0;;;;;;;;;;;;;;0.0;158628.0;;;;;;;;;;;;;;;;;;;;;;;;;;;;;;;;;;;;;;;;158628.0;1352.0;268.0;21074.0;6.4;;;;;1763.0;26505.0;;10.0;207.0;1062.0;14652.0;;;326808.0;237433.0;;"java=237428;js=5";;;142533.0;;26.1;;65825.0;45972.0;;;43.3;"0=215;5=202;10=176;20=113;30=163;60=62;90=131";3.1;"1=7881;2=2951;4=1288;6=569;8=316;10=189;12=662";84.0;0.0;7840.0;0.0;432.0;4588.0;6111.0;;;;;;;19055.0;0.0;19055.0;0.0;;;;
2017-04-28;642.0;;;;5.0;6851.0;;;;5.0;7300.0;596.0;17812.0;7122510.0;0.0;;;0.0;;2.9;203807.0;1.0;0.8584347371923662;;;;0.0;;;;;;;;;;;;;;0.0;158615.0;;;;;;;;;;;;;;;;;;;;;;;;;;;;;;;;;;;;;;;;158615.0;1352.0;268.0;21074.0;6.4;;;;;1763.0;26501.0;;10.0;207.0;1062.0;14652.0;;;326792.0;237417.0;;"java=237412;js=5";;;142530.0;;26.1;;65822.0;45970.0;;;43.3;"0=215;5=202;10=176;20=113;30=163;60=62;90=131";3.1;"1=7881;2=2951;4=1288;6=569;8=317;10=188;12=662";84.0;0.0;7837.0;0.0;432.0;4586.0;6111.0;;;;;;;19050.0;0.0;19050.0;0.0;;;;
2017-05-05;642.0;;;;5.0;6851.0;;;;5.0;7300.0;596.0;17819.0;7124610.0;0.0;;;0.0;;2.9;203869.0;1.0;0.8584427779204756;;;;0.0;;;;;;;;;;;;;;0.0;158652.0;;;;;;;;;;;;;;;;;;;;;;;;;;;;;;;;;;;;;;;;158652.0;1352.0;268.0;21074.0;6.4;;;;;1764.0;26521.0;;10.0;207.0;1063.0;14653.0;;;326903.0;237487.0;;"java=237482;js=5";;;142563.0;;26.1;;65840.0;45978.0;;;43.3;"0=215;5=203;10=176;20=113;30=163;60=62;90=131";3.1;"1=7881;2=2951;4=1288;6=569;8=318;10=188;12=662";84.0;0.0;7841.0;0.0;433.0;4588.0;6111.0;;;;;;;19057.0;0.0;19057.0;0.0;;;;
2017-05-12;642.0;;;;5.0;6851.0;;;;5.0;7300.0;596.0;17818.0;7124790.0;0.0;;;0.0;;2.9;203883.0;1.0;0.8584800394116879;;;;0.0;;;;;;;;;;;;;;0.0;158653.0;;;;;;;;;;;;;;;;;;;;;;;;;;;;;;;;;;;;;;;;158653.0;1352.0;268.0;21064.0;6.4;;;;;1764.0;26523.0;;10.0;207.0;1063.0;14653.0;;;326909.0;237493.0;;"java=237488;js=5";;;142568.0;;26.1;;65848.0;45984.0;;;43.3;"0=215;5=203;10=176;20=113;30=163;60=62;90=131";3.1;"1=7881;2=2951;4=1288;6=569;8=318;10=188;12=662";84.0;0.0;7842.0;0.0;433.0;4588.0;6109.0;;;;;;;19056.0;0.0;19056.0;0.0;;;;
2017-05-19;642.0;;;;5.0;6851.0;;;;5.0;7300.0;596.0;17814.0;7124880.0;0.0;;;0.0;;2.9;203811.0;1.0;0.8581660322700172;;;;0.0;;;;;;;;;;;;;;0.0;158653.0;;;;;;;;;;;;;;;;;;;;;;;;;;;;;;;;;;;;;;;;158653.0;1352.0;268.0;21064.0;6.4;;;;;1764.0;26523.0;;10.0;207.0;1063.0;14653.0;;;326911.0;237496.0;;"java=237491;js=5";;;142568.0;;26.1;;65848.0;45984.0;;;43.3;"0=215;5=203;10=176;20=113;30=163;60=62;90=131";3.1;"1=7881;2=2951;4=1288;6=569;8=318;10=188;12=662";84.0;0.0;7838.0;0.0;433.0;4588.0;6109.0;;;;;;;19052.0;0.0;19052.0;0.0;;;;
2017-05-26;641.0;;;;5.0;6846.0;;;;5.0;7300.0;596.0;17814.0;7124880.0;0.0;;;0.0;;2.9;203811.0;1.0;0.8581660322700172;;;;0.0;;;;;;;;;;;;;;0.0;158653.0;;;;;;;;;;;;;;;;;;;;;;;;;;;;;;;;;;;;;;;;158653.0;1352.0;268.0;21064.0;6.4;;;;;1764.0;26523.0;;10.0;207.0;1063.0;14653.0;;;326911.0;237496.0;;"java=237491;js=5";;;142568.0;;26.1;;65848.0;45984.0;;;43.3;"0=215;5=203;10=176;20=113;30=163;60=62;90=131";3.1;"1=7881;2=2951;4=1288;6=569;8=318;10=188;12=662";84.0;0.0;7838.0;0.0;433.0;4588.0;6108.0;;;;;;;19051.0;0.0;19051.0;0.0;;;;
2017-06-02;640.0;;;;5.0;6836.0;;;;5.0;7260.0;592.0;17814.0;7122090.0;0.0;;;0.0;;2.9;203829.0;1.0;0.8585780297637351;;;;0.0;;;;;;;;;;;;;;0.0;158617.0;;;;;;;;;;;;;;;;;;;;;;;;;;;;;;;;;;;;;;;;158617.0;1349.0;268.0;21043.0;6.4;;;;;1764.0;26521.0;;10.0;207.0;1063.0;14651.0;;;326799.0;237403.0;;"java=237398;js=5";;;142498.0;;26.1;;65818.0;45973.0;;;43.2;"0=215;5=203;10=176;20=113;30=163;60=62;90=131";3.1;"1=7882;2=2948;4=1288;6=569;8=319;10=187;12=662";84.0;0.0;7836.0;0.0;433.0;4588.0;6105.0;;;;;;;19046.0;0.0;19046.0;0.0;;;;
2017-06-09;639.0;;;;5.0;6831.0;;;;5.0;7260.0;592.0;17811.0;7120530.0;0.0;;;0.0;;2.9;203711.0;1.0;0.8582689771688343;;;;0.0;;;;;;;;;;;;;;0.0;158591.0;;;;;;;;;;;;;;;;;;;;;;;;;;;;;;;;;;;;;;;;158591.0;1342.0;267.0;21006.0;6.4;;;;;1764.0;26521.0;;10.1;207.0;1063.0;14651.0;;;326739.0;237351.0;;"java=237346;js=5";;;142453.0;;26.1;;65802.0;45970.0;;;43.2;"0=215;5=203;10=176;20=113;30=163;60=62;90=131";3.1;"1=7881;2=2949;4=1288;6=570;8=318;10=187;12=662";83.0;0.0;7836.0;0.0;433.0;4585.0;6105.0;;;;;;;19042.0;0.0;19042.0;0.0;;;;
2017-06-16;638.0;;;;5.0;6801.0;;;;5.0;7260.0;592.0;17817.0;7119930.0;0.0;;;0.0;;2.9;203865.0;1.0;0.8589901867012737;;;;0.0;;;;;;;;;;;;;;0.0;158590.0;;;;;;;;;;;;;;;;;;;;;;;;;;;;;;;;;;;;;;;;158590.0;1344.0;267.0;20998.0;6.4;;;;;1764.0;26531.0;;10.1;207.0;1063.0;14651.0;;;326737.0;237331.0;;"java=237326;js=5";;;142437.0;;26.1;;65797.0;45966.0;;;43.2;"0=215;5=203;10=176;20=113;30=163;60=62;90=131";3.1;"1=7882;2=2948;4=1288;6=570;8=318;10=187;12=662";83.0;0.0;7835.0;0.0;433.0;4591.0;6105.0;;;;;;;19047.0;0.0;19047.0;0.0;;;;
2017-06-23;638.0;;;;5.0;6801.0;;;;5.0;7260.0;592.0;17806.0;7118970.0;0.0;;;0.0;;2.9;203792.0;1.0;0.8587983935878365;;;;0.0;;;;;;;;;;;;;;0.0;158544.0;;;;;;;;;;;;;;;;;;;;;;;;;;;;;;;;;;;;;;;;158544.0;1344.0;267.0;20998.0;6.4;;;;;1764.0;26450.0;;10.0;207.0;1063.0;14664.0;;;326628.0;237299.0;;"java=237294;js=5";;;142410.0;;26.1;;65768.0;45974.0;;;43.2;"0=215;5=203;10=176;20=113;30=163;60=62;90=131";3.1;"1=7886;2=2959;4=1290;6=569;8=317;10=186;12=661";83.0;0.0;7832.0;0.0;433.0;4583.0;6105.0;;;;;;;19036.0;0.0;19036.0;0.0;;;;
2017-06-30;638.0;;;;5.0;6801.0;;;;5.0;7260.0;592.0;17788.0;7115400.0;0.0;;;0.0;;2.9;203705.0;1.0;0.858862467324395;;;;0.0;;;;;;;;;;;;;;0.0;158455.0;;;;;;;;;;;;;;;;;;;;;;;;;;;;;;;;;;;;;;;;158455.0;1344.0;267.0;20998.0;6.4;;;;;1764.0;26418.0;;10.0;207.0;1063.0;14646.0;;;326423.0;237180.0;;"java=237175;js=5";;;142328.0;;26.0;;65769.0;45952.0;;;43.2;"0=215;5=203;10=176;20=113;30=163;60=62;90=131";3.1;"1=7867;2=2961;4=1290;6=568;8=317;10=186;12=661";83.0;0.0;7832.0;0.0;433.0;4576.0;6094.0;;;;;;;19018.0;0.0;19018.0;0.0;;;;
2017-07-07;638.0;;;;5.0;6796.0;;;;5.0;7140.0;584.0;17788.0;7115250.0;0.0;;;0.0;;2.9;203695.0;1.0;0.8588384104564141;;;;0.0;;;;;;;;;;;;;;0.0;158448.0;;;;;;;;;;;;;;;;;;;;;;;;;;;;;;;;;;;;;;;;158448.0;1347.0;267.0;20970.0;6.4;;;;;1764.0;26422.0;;10.0;207.0;1063.0;14646.0;;;326429.0;237175.0;;"java=237170;js=5";;;142321.0;;26.0;;65758.0;45946.0;;;43.2;"0=215;5=203;10=176;20=113;30=163;60=62;90=131";3.1;"1=7867;2=2961;4=1290;6=569;8=317;10=186;12=660";83.0;0.0;7834.0;0.0;433.0;4576.0;6084.0;;;;;;;19010.0;0.0;19010.0;0.0;;;;
2017-07-14;633.0;;;;5.0;6746.0;;;;5.0;7140.0;584.0;17718.0;7114350.0;0.0;;;0.0;;2.9;203441.0;1.0;0.857875983048346;;;;0.0;;;;;;;;;;;;;;0.0;158449.0;;;;;;;;;;;;;;;;;;;;;;;;;;;;;;;;;;;;;;;;158449.0;1347.0;267.0;20970.0;6.4;;;;;1764.0;26422.0;;10.0;207.0;1063.0;14646.0;;;326399.0;237145.0;;"java=237140;js=5";;;142322.0;;26.0;;65761.0;45949.0;;;43.2;"0=215;5=203;10=176;20=113;30=163;60=62;90=131";3.1;"1=7867;2=2961;4=1290;6=569;8=316;10=187;12=660";83.0;0.0;7799.0;0.0;433.0;4536.0;6084.0;;;;;;;18935.0;0.0;18935.0;0.0;;;;
2017-07-21;632.0;;;;5.0;6736.0;;;;5.0;7140.0;584.0;17705.0;7116630.0;0.0;;;0.0;;2.9;203452.0;1.0;0.8576475101276868;;;;0.0;;;;;;;;;;;;;;0.0;158498.0;;;;;;;;;;;;;;;;;;;;;;;;;;;;;;;;;;;;;;;;158498.0;1349.0;268.0;20989.0;6.4;;;;;1764.0;26428.0;;10.0;207.0;1063.0;14648.0;;;326486.0;237221.0;;"java=237216;js=5";;;142370.0;;26.1;;65804.0;45967.0;;;43.2;"0=215;5=203;10=176;20=113;30=163;60=62;90=131";3.1;"1=7868;2=2961;4=1291;6=568;8=317;10=187;12=660";83.0;0.0;7801.0;0.0;437.0;4525.0;6075.0;;;;;;;18921.0;0.0;18921.0;0.0;;;;
2017-07-28;632.0;;;;5.0;6736.0;;;;5.0;7140.0;584.0;17705.0;7116690.0;0.0;;;0.0;;2.9;203455.0;1.0;0.8576529257281124;;;;0.0;;;;;;;;;;;;;;0.0;158500.0;;;;;;;;;;;;;;;;;;;;;;;;;;;;;;;;;;;;;;;;158500.0;1349.0;268.0;20989.0;6.4;;;;;1764.0;26429.0;;10.0;207.0;1063.0;14648.0;;;326489.0;237223.0;;"java=237218;js=5";;;142372.0;;26.1;;65807.0;45970.0;;;43.2;"0=215;5=203;10=176;20=113;30=163;60=62;90=131";3.1;"1=7868;2=2961;4=1291;6=568;8=317;10=187;12=660";83.0;0.0;7801.0;0.0;437.0;4525.0;6075.0;;;;;;;18921.0;0.0;18921.0;0.0;;;;
2017-08-04;632.0;;;;5.0;6736.0;;;;5.0;7140.0;584.0;17705.0;7116690.0;0.0;;;0.0;;2.9;203448.0;1.0;0.8576234176281389;;;;0.0;;;;;;;;;;;;;;0.0;158500.0;;;;;;;;;;;;;;;;;;;;;;;;;;;;;;;;;;;;;;;;158500.0;1349.0;268.0;20989.0;6.4;;;;;1764.0;26429.0;;10.0;207.0;1063.0;14648.0;;;326489.0;237223.0;;"java=237218;js=5";;;142372.0;;26.1;;65800.0;45962.0;;;43.2;"0=215;5=203;10=176;20=113;30=163;60=62;90=131";3.1;"1=7868;2=2961;4=1291;6=568;8=317;10=187;12=660";83.0;0.0;7801.0;0.0;437.0;4525.0;6075.0;;;;;;;18921.0;0.0;18921.0;0.0;;;;
2017-08-11;627.0;;;;5.0;6681.0;;;;5.0;7170.0;587.0;17666.0;7116930.0;0.0;;;0.0;;2.9;203242.0;1.0;0.8567261445595221;;;;0.0;;;;;;;;;;;;;;0.0;158491.0;;;;;;;;;;;;;;;;;;;;;;;;;;;;;;;;;;;;;;;;158491.0;1343.0;269.0;20978.0;6.4;;;;;1765.0;26520.0;;10.1;207.0;1064.0;14666.0;;;326694.0;237231.0;;"java=237226;js=5";;;142359.0;;26.0;;65737.0;45973.0;;;43.2;"0=215;5=203;10=177;20=113;30=163;60=62;90=131";3.1;"1=7884;2=2964;4=1292;6=566;8=317;10=187;12=660";83.0;0.0;7800.0;0.0;434.0;4512.0;6051.0;;;;;;;18880.0;0.0;18880.0;0.0;;;;
2017-08-18;622.0;;;;5.0;6606.0;;;;5.0;7140.0;585.0;17634.0;7118640.0;0.0;;;0.0;;2.9;203046.0;1.0;0.8556943461110549;;;;0.0;;;;;;;;;;;;;;0.0;158504.0;;;;;;;;;;;;;;;;;;;;;;;;;;;;;;;;;;;;;;;;158504.0;1332.0;269.0;20921.0;6.4;;;;;1765.0;26535.0;;10.1;207.0;1064.0;14670.0;;;326802.0;237288.0;;"java=237283;js=5";;;142385.0;;26.1;;65716.0;45983.0;;;43.2;"0=215;5=203;10=177;20=113;30=163;60=62;90=131";3.1;"1=7890;2=2959;4=1294;6=568;8=318;10=185;12=660";83.0;0.0;7798.0;0.0;434.0;4503.0;6023.0;;;;;;;18841.0;0.0;18841.0;0.0;;;;
2017-08-25;625.0;;;;5.0;6646.0;;;;5.0;7130.0;584.0;17664.0;7136730.0;0.0;;;0.0;;2.8;203091.0;1.0;0.8537145163120925;;;;0.0;;;;;;;;;;;;;;0.0;158781.0;;;;;;;;;;;;;;;;;;;;;;;;;;;;;;;;;;;;;;;;158781.0;1336.0;269.0;20929.0;6.4;;;;;1768.0;26589.0;;10.1;207.0;1066.0;14761.0;;;327641.0;237891.0;;"java=237886;js=5";;;142654.0;;26.1;;65597.0;46086.0;;;43.2;"0=215;5=203;10=178;20=113;30=163;60=61;90=133";3.1;"1=7933;2=2989;4=1308;6=575;8=317;10=184;12=658";84.0;0.0;7810.0;0.0;431.0;4510.0;6038.0;;;;;;;18873.0;0.0;18873.0;0.0;;;;
2017-09-01;625.0;;;;5.0;6646.0;;;;5.0;7130.0;584.0;17663.0;7137210.0;0.0;;;0.0;;2.8;203092.0;1.0;0.8536613046274385;;;;0.0;;;;;;;;;;;;;;0.0;158793.0;;;;;;;;;;;;;;;;;;;;;;;;;;;;;;;;;;;;;;;;158793.0;1336.0;269.0;20929.0;6.4;;;;;1768.0;26589.0;;10.1;207.0;1066.0;14762.0;;;327657.0;237907.0;;"java=237902;js=5";;;142667.0;;26.1;;65601.0;46088.0;;;43.2;"0=215;5=203;10=178;20=113;30=163;60=61;90=133";3.1;"1=7934;2=2989;4=1308;6=575;8=317;10=184;12=658";84.0;0.0;7810.0;0.0;431.0;4508.0;6039.0;;;;;;;18872.0;0.0;18872.0;0.0;;;;
2017-09-08;625.0;;;;5.0;6646.0;;;;5.0;7130.0;584.0;17662.0;7137300.0;0.0;;;0.0;;2.8;203087.0;1.0;0.8536295237694926;;;;0.0;;;;;;;;;;;;;;0.0;158796.0;;;;;;;;;;;;;;;;;;;;;;;;;;;;;;;;;;;;;;;;158796.0;1336.0;269.0;20929.0;6.4;;;;;1768.0;26589.0;;10.1;207.0;1066.0;14762.0;;;327660.0;237910.0;;"java=237905;js=5";;;142669.0;;26.1;;65601.0;46088.0;;;43.2;"0=215;5=203;10=178;20=113;30=163;60=61;90=133";3.1;"1=7934;2=2989;4=1308;6=575;8=317;10=184;12=658";84.0;0.0;7810.0;0.0;431.0;4507.0;6039.0;;;;;;;18871.0;0.0;18871.0;0.0;;;;
2017-09-15;625.0;;;;5.0;6646.0;;;;5.0;7130.0;584.0;17664.0;7137270.0;0.0;;;0.0;;2.8;203091.0;1.0;0.8536499249713125;;;;0.0;;;;;;;;;;;;;;0.0;158795.0;;;;;;;;;;;;;;;;;;;;;;;;;;;;;;;;;;;;;;;;158795.0;1336.0;269.0;20929.0;6.4;;;;;1768.0;26589.0;;10.1;207.0;1066.0;14762.0;;;327659.0;237909.0;;"java=237904;js=5";;;142668.0;;26.1;;65601.0;46088.0;;;43.2;"0=215;5=203;10=178;20=113;30=163;60=61;90=133";3.1;"1=7934;2=2989;4=1308;6=575;8=317;10=184;12=658";84.0;0.0;7810.0;0.0;431.0;4507.0;6041.0;;;;;;;18873.0;0.0;18873.0;0.0;;;;
2017-09-22;625.0;;;;5.0;6646.0;;;;5.0;7130.0;584.0;17668.0;7138740.0;0.0;;;0.0;;2.8;203115.0;1.0;0.8535750006303633;;;;0.0;;;;;;;;;;;;;;0.0;158838.0;;;;;;;;;;;;;;;;;;;;;;;;;;;;;;;;;;;;;;;;158838.0;1336.0;269.0;20929.0;6.4;;;;;1768.0;26602.0;;10.1;207.0;1066.0;14764.0;;;327728.0;237958.0;;"java=237953;js=5";;;142671.0;;26.1;;65602.0;46091.0;;;43.2;"0=215;5=203;10=178;20=112;30=164;60=61;90=133";3.1;"1=7935;2=2990;4=1308;6=575;8=317;10=184;12=658";84.0;0.0;7813.0;0.0;431.0;4507.0;6042.0;;;;;;;18877.0;0.0;18877.0;0.0;;;;
2017-09-29;624.0;;;;5.0;6626.0;;;;5.0;7090.0;576.0;17667.0;7138950.0;0.0;;;0.0;;2.8;203065.0;1.0;0.8533397768579413;;;;0.0;;;;;;;;;;;;;;0.0;158845.0;;;;;;;;;;;;;;;;;;;;;;;;;;;;;;;;;;;;;;;;158845.0;1336.0;269.0;20929.0;6.4;;;;;1768.0;26604.0;;10.1;207.0;1066.0;14764.0;;;327739.0;237965.0;;"java=237960;js=5";;;142678.0;;26.1;;65587.0;46086.0;;;43.2;"0=215;5=203;10=178;20=112;30=164;60=61;90=133";3.1;"1=7935;2=2990;4=1308;6=575;8=317;10=184;12=658";84.0;0.0;7811.0;0.0;431.0;4506.0;6035.0;;;;;;;18867.0;0.0;18867.0;0.0;;;;
2017-10-06;611.0;;;;5.0;6496.0;;;;5.0;6895.0;563.0;17460.0;7138170.0;0.0;;;0.0;;2.8;202477.0;1.0;0.8509618011339041;;;;0.0;;;;;;;;;;;;;;0.0;158814.0;;;;;;;;;;;;;;;;;;;;;;;;;;;;;;;;;;;;;;;;158814.0;1339.0;270.0;20971.0;6.4;;;;;1769.0;26560.0;;10.0;207.0;1067.0;14772.0;;;327701.0;237939.0;;"java=237934;js=5";;;142646.0;;26.0;;65481.0;46057.0;;;43.2;"0=216;5=204;10=178;20=111;30=164;60=61;90=133";3.1;"1=7940;2=2998;4=1305;6=577;8=313;10=184;12=658";84.0;0.0;7811.0;0.0;432.0;4439.0;5868.0;;;;;;;18634.0;0.0;18634.0;0.0;;;;
2017-10-13;576.0;;;;5.0;6116.0;;;;5.0;6805.0;557.0;17383.0;7136670.0;0.0;;;0.0;;2.8;201765.0;1.0;0.8481476655078629;;;;0.0;;;;;;;;;;;;;;0.0;158795.0;;;;;;;;;;;;;;;;;;;;;;;;;;;;;;;;;;;;;;;;158795.0;1309.0;270.0;20776.0;6.3;;;;;1769.0;26554.0;;10.0;207.0;1067.0;14787.0;;;327641.0;237889.0;;"java=237884;js=5";;;142576.0;;26.0;;65411.0;46070.0;;;43.2;"0=216;5=204;10=176;20=114;30=164;60=60;90=133";3.1;"1=7952;2=2999;4=1311;6=575;8=311;10=185;12=657";80.0;0.0;7809.0;0.0;431.0;4395.0;5801.0;;;;;;;18516.0;0.0;18516.0;0.0;;;;
2017-10-20;557.0;;;;5.0;5901.0;;;;5.0;6365.0;528.0;17247.0;7138350.0;0.0;;;0.0;;2.8;201369.0;1.0;0.8462838050810061;;;;0.0;;;;;;;;;;;;;;0.0;158854.0;;;;;;;;;;;;;;;;;;;;;;;;;;;;;;;;;;;;;;;;158854.0;1303.0;270.0;20656.0;6.3;;;;;1769.0;26563.0;;10.0;207.0;1067.0;14797.0;;;327756.0;237945.0;;"java=237940;js=5";;;142645.0;;26.1;;65333.0;46126.0;;;43.2;"0=216;5=204;10=176;20=113;30=163;60=62;90=133";3.1;"1=7952;2=3001;4=1312;6=582;8=308;10=187;12=658";78.0;0.0;7799.0;0.0;431.0;4379.0;5645.0;;;;;;;18332.0;0.0;18332.0;0.0;;;;
2017-10-27;550.0;;;;5.0;5811.0;;;;5.0;6245.0;520.0;17186.0;7142910.0;0.0;;;0.0;;2.8;201147.0;1.0;0.8448111483975018;;;;0.0;;;;;;;;;;;;;;0.0;158938.0;;;;;;;;;;;;;;;;;;;;;;;;;;;;;;;;;;;;;;;;158938.0;1303.0;270.0;20654.0;6.3;;;;;1769.0;26575.0;;10.0;207.0;1067.0;14809.0;;;327941.0;238097.0;;"java=238092;js=5";;;142728.0;;26.1;;65344.0;46157.0;;;43.3;"0=216;5=204;10=175;20=113;30=164;60=62;90=133";3.1;"1=7958;2=3003;4=1315;6=582;8=309;10=187;12=658";76.0;0.0;7804.0;0.0;431.0;4340.0;5605.0;;;;;;;18256.0;0.0;18256.0;0.0;;;;
2017-11-03;551.0;;;;5.0;5826.0;;;;5.0;6245.0;520.0;17187.0;7146930.0;0.0;;;0.0;;2.8;201149.0;1.0;0.8443443548488652;;;;0.0;;;;;;;;;;;;;;0.0;159036.0;;;;;;;;;;;;;;;;;;;;;;;;;;;;;;;;;;;;;;;;159036.0;1303.0;270.0;20654.0;6.3;;;;;1769.0;26584.0;;10.0;207.0;1067.0;14816.0;;;328094.0;238231.0;;"java=238226;js=5";;;142865.0;;26.1;;65442.0;46236.0;;;43.3;"0=216;5=204;10=174;20=112;30=166;60=62;90=133";3.1;"1=7958;2=3001;4=1315;6=585;8=313;10=189;12=659";76.0;0.0;7807.0;0.0;429.0;4340.0;5606.0;;;;;;;18258.0;0.0;18258.0;0.0;;;;
2017-11-10;551.0;;;;5.0;5826.0;;;;5.0;6245.0;520.0;17189.0;7147380.0;0.0;;;0.0;;2.8;201168.0;1.0;0.8443709443180578;;;;0.0;;;;;;;;;;;;;;0.0;159046.0;;;;;;;;;;;;;;;;;;;;;;;;;;;;;;;;;;;;;;;;159046.0;1303.0;270.0;20654.0;6.3;;;;;1769.0;26583.0;;10.0;207.0;1067.0;14816.0;;;328111.0;238246.0;;"java=238241;js=5";;;142873.0;;26.1;;65444.0;46238.0;;;43.3;"0=216;5=204;10=174;20=111;30=167;60=62;90=133";3.1;"1=7958;2=3001;4=1315;6=585;8=313;10=189;12=659";76.0;0.0;7808.0;0.0;429.0;4341.0;5606.0;;;;;;;18260.0;0.0;18260.0;0.0;;;;
2017-11-17;551.0;;;;5.0;5826.0;;;;5.0;6245.0;520.0;17189.0;7147230.0;0.0;;;0.0;;2.8;201168.0;1.0;0.8443886652591284;;;;0.0;;;;;;;;;;;;;;0.0;159044.0;;;;;;;;;;;;;;;;;;;;;;;;;;;;;;;;;;;;;;;;159044.0;1303.0;270.0;20654.0;6.3;;;;;1769.0;26586.0;;10.0;207.0;1067.0;14816.0;;;328110.0;238241.0;;"java=238236;js=5";;;142872.0;;26.1;;65447.0;46240.0;;;43.3;"0=216;5=204;10=174;20=111;30=167;60=62;90=133";3.1;"1=7958;2=3001;4=1315;6=585;8=313;10=189;12=659";76.0;0.0;7809.0;0.0;429.0;4340.0;5606.0;;;;;;;18260.0;0.0;18260.0;0.0;;;;
2017-11-24;551.0;;;;5.0;5826.0;;;;5.0;6265.0;522.0;17187.0;7149240.0;0.0;;;0.0;;2.8;201105.0;1.0;0.8438869026637796;;;;0.0;;;;;;;;;;;;;;0.0;159093.0;;;;;;;;;;;;;;;;;;;;;;;;;;;;;;;;;;;;;;;;159093.0;1303.0;270.0;20656.0;6.3;;;;;1770.0;26585.0;;10.0;207.0;1068.0;14820.0;;;328200.0;238308.0;;"java=238303;js=5";;;142902.0;;26.1;;65451.0;46246.0;;;43.3;"0=217;5=204;10=174;20=111;30=167;60=62;90=133";3.1;"1=7962;2=3001;4=1314;6=586;8=313;10=188;12=660";76.0;0.0;7821.0;0.0;429.0;4325.0;5609.0;;;;;;;18260.0;0.0;18260.0;0.0;;;;
2017-12-01;551.0;;;;5.0;5826.0;;;;5.0;6265.0;522.0;17189.0;7149480.0;0.0;;;0.0;;2.8;201112.0;1.0;0.8438879470954531;;;;0.0;;;;;;;;;;;;;;0.0;159102.0;;;;;;;;;;;;;;;;;;;;;;;;;;;;;;;;;;;;;;;;159102.0;1303.0;270.0;20680.0;6.3;;;;;1770.0;26584.0;;10.0;207.0;1068.0;14820.0;;;328206.0;238316.0;;"java=238311;js=5";;;142910.0;;26.1;;65451.0;46246.0;;;43.3;"0=217;5=204;10=174;20=111;30=167;60=62;90=133";3.1;"1=7962;2=3001;4=1314;6=586;8=313;10=188;12=660";76.0;0.0;7822.0;0.0;429.0;4325.0;5610.0;;;;;;;18262.0;0.0;18262.0;0.0;;;;
2017-12-08;458.0;;;;5.0;4934.0;;;;5.0;5440.0;467.0;16843.0;7163160.0;0.0;;;0.0;;2.8;199131.0;1.0;0.8339796961117719;;;;0.0;;;;;;;;;;;;;;0.0;159412.0;;;;;;;;;;;;;;;;;;;;;;;;;;;;;;;;;;;;;;;;159412.0;1297.0;268.0;20664.0;6.3;;;;;1770.0;26584.0;;10.0;207.0;1068.0;14853.0;;;328718.0;238772.0;;"java=238767;js=5";;;143142.0;;26.2;;65368.0;46390.0;;;43.4;"0=216;5=204;10=175;20=112;30=165;60=63;90=133";3.1;"1=7957;2=3032;4=1313;6=583;8=309;10=199;12=664";76.0;0.0;7808.0;0.0;435.0;4119.0;5330.0;;;;;;;17768.0;0.0;17768.0;0.0;;;;
2017-12-15;445.0;;;;5.0;4799.0;;;;5.0;5320.0;459.0;15730.0;7197000.0;0.0;;;0.0;;2.7;196427.0;1.0;0.8187869945810754;;;;0.0;;;;;;;;;;;;;;0.0;159686.0;;;;;;;;;;;;;;;;;;;;;;;;;;;;;;;;;;;;;;;;159686.0;1278.0;261.0;20388.0;6.2;;;;;1770.0;26458.0;;9.9;207.0;1068.0;14855.0;;;329693.0;239900.0;;"java=239895;js=5";;;143067.0;;26.3;;65151.0;46491.0;;;43.5;"0=216;5=204;10=173;20=115;30=163;60=64;90=133";3.1;"1=7953;2=3032;4=1308;6=591;8=308;10=203;12=665";76.0;0.0;7786.0;0.0;432.0;4002.0;4338.0;;;;;;;16634.0;0.0;16634.0;0.0;;;;
2017-12-22;438.0;;;;5.0;4719.0;;;;5.0;5030.0;430.0;15049.0;7224630.0;0.0;;;0.0;;2.7;194093.0;1.0;0.8059637656184468;;;;0.0;;;;;;;;;;;;;;0.0;159904.0;;;;;;;;;;;;;;;;;;;;;;;;;;;;;;;;;;;;;;;;159904.0;1243.0;256.0;20189.0;6.1;;;;;1773.0;26393.0;;9.9;207.0;1071.0;14858.0;;;330593.0;240821.0;;"java=240816;js=5";;;142786.0;;26.2;;64846.0;46452.0;;;43.4;"0=219;5=204;10=174;20=114;30=163;60=64;90=133";3.1;"1=7961;2=3040;4=1304;6=584;8=308;10=204;12=665";76.0;0.0;7773.0;0.0;433.0;3906.0;3729.0;;;;;;;15917.0;0.0;15917.0;0.0;;;;
2017-12-29;438.0;;;;5.0;4719.0;;;;5.0;5030.0;430.0;15087.0;7261230.0;0.0;;;0.0;;2.7;195270.0;1.0;0.806764143264984;;;;0.0;;;;;;;;;;;;;;0.0;160765.0;;;;;;;;;;;;;;;;;;;;;;;;;;;;;;;;;;;;;;;;160765.0;1276.0;257.0;20540.0;6.2;;;;;1773.0;26389.0;;9.8;207.0;1071.0;14858.0;;;331751.0;242041.0;;"java=242036;js=5";;;143639.0;;26.4;;65742.0;46776.0;;;43.7;"0=215;5=206;10=176;20=111;30=165;60=65;90=133";3.1;"1=7949;2=3037;4=1307;6=582;8=315;10=195;12=681";76.0;0.0;7788.0;0.0;433.0;3896.0;3762.0;;;;;;;15955.0;0.0;15955.0;0.0;;;;
2018-01-05;438.0;;;;5.0;4719.0;;;;5.0;5030.0;430.0;15083.0;7260930.0;0.0;;;0.0;;2.7;195247.0;1.0;0.806702447207176;;;;0.0;;;;;;;;;;;;;;0.0;160756.0;;;;;;;;;;;;;;;;;;;;;;;;;;;;;;;;;;;;;;;;160756.0;1276.0;257.0;20524.0;6.2;;;;;1773.0;26393.0;;9.8;207.0;1071.0;14858.0;;;331749.0;242031.0;;"java=242026;js=5";;;143632.0;;26.4;;65741.0;46778.0;;;43.7;"0=215;5=206;10=176;20=111;30=165;60=65;90=133";3.1;"1=7949;2=3037;4=1307;6=581;8=316;10=195;12=681";76.0;0.0;7788.0;0.0;433.0;3897.0;3757.0;;;;;;;15951.0;0.0;15951.0;0.0;;;;
2018-01-12;436.0;;;;5.0;4699.0;;;;5.0;5030.0;430.0;15092.0;7266180.0;0.0;;;0.0;;2.7;195891.0;1.0;0.8087784778246616;;;;0.0;;;;;;;;;;;;;;0.0;160922.0;;;;;;;;;;;;;;;;;;;;;;;;;;;;;;;;;;;;;;;;160922.0;1276.0;257.0;20524.0;6.2;;;;;1774.0;26390.0;;9.8;207.0;1071.0;14859.0;;;331925.0;242206.0;;"java=242201;js=5";;;143793.0;;26.4;;65750.0;46783.0;;;43.7;"0=215;5=205;10=177;20=111;30=165;60=65;90=133";3.1;"1=7949;2=3037;4=1307;6=581;8=316;10=195;12=681";76.0;0.0;7789.0;0.0;433.0;3897.0;3763.0;;;;;;;15958.0;0.0;15958.0;0.0;;;;
2018-01-19;436.0;;;;5.0;4699.0;;;;5.0;5030.0;430.0;15093.0;7266600.0;0.0;;;0.0;;2.7;195906.0;1.0;0.8087936586574189;;;;0.0;;;;;;;;;;;;;;0.0;160932.0;;;;;;;;;;;;;;;;;;;;;;;;;;;;;;;;;;;;;;;;160932.0;1276.0;257.0;20524.0;6.2;;;;;1774.0;26390.0;;9.8;207.0;1071.0;14859.0;;;331939.0;242220.0;;"java=242215;js=5";;;143804.0;;26.4;;65752.0;46785.0;;;43.7;"0=215;5=205;10=177;20=111;30=165;60=65;90=133";3.1;"1=7949;2=3037;4=1307;6=581;8=316;10=195;12=681";76.0;0.0;7790.0;0.0;433.0;3897.0;3763.0;;;;;;;15959.0;0.0;15959.0;0.0;;;;
2018-01-26;437.0;;;;5.0;4704.0;;;;5.0;5030.0;430.0;15088.0;7266510.0;0.0;;;0.0;;2.7;195853.0;1.0;0.8085848639855997;;;;0.0;;;;;;;;;;;;;;0.0;160930.0;;;;;;;;;;;;;;;;;;;;;;;;;;;;;;;;;;;;;;;;160930.0;1276.0;257.0;20524.0;6.2;;;;;1774.0;26384.0;;9.8;207.0;1071.0;14859.0;;;331929.0;242217.0;;"java=242212;js=5";;;143803.0;;26.4;;65738.0;46786.0;;;43.7;"0=215;5=205;10=177;20=111;30=165;60=65;90=133";3.1;"1=7949;2=3036;4=1308;6=581;8=316;10=195;12=681";77.0;0.0;7790.0;0.0;432.0;3895.0;3761.0;;;;;;;15955.0;0.0;15955.0;0.0;;;;
2018-02-02;437.0;;;;5.0;4704.0;;;;5.0;5040.0;431.0;15088.0;7266840.0;0.0;;;0.0;;2.7;195858.0;1.0;0.8085687864326172;;;;0.0;;;;;;;;;;;;;;0.0;160936.0;;;;;;;;;;;;;;;;;;;;;;;;;;;;;;;;;;;;;;;;160936.0;1276.0;257.0;20524.0;6.2;;;;;1774.0;26385.0;;9.8;207.0;1071.0;14861.0;;;331940.0;242228.0;;"java=242223;js=5";;;143809.0;;26.4;;65739.0;46789.0;;;43.7;"0=214;5=206;10=177;20=111;30=165;60=65;90=133";3.1;"1=7951;2=3036;4=1308;6=581;8=316;10=195;12=681";77.0;0.0;7790.0;0.0;432.0;3895.0;3762.0;;;;;;;15956.0;0.0;15956.0;0.0;;;;
2018-02-09;440.0;;;;5.0;4719.0;;;;5.0;5055.0;432.0;15108.0;7269780.0;0.0;;;0.0;;2.7;195806.0;1.0;0.8080272030240255;;;;0.0;;;;;;;;;;;;;;0.0;161004.0;;;;;;;;;;;;;;;;;;;;;;;;;;;;;;;;;;;;;;;;161004.0;1276.0;257.0;20524.0;6.2;;;;;1774.0;26413.0;;9.8;207.0;1071.0;14868.0;;;332088.0;242326.0;;"java=242321;js=5";;;143872.0;;26.4;;65762.0;46814.0;;;43.7;"0=214;5=206;10=177;20=111;30=165;60=65;90=133";3.1;"1=7954;2=3036;4=1310;6=582;8=318;10=194;12=681";80.0;0.0;7801.0;0.0;437.0;3898.0;3764.0;;;;;;;15980.0;0.0;15980.0;0.0;;;;
2018-02-16;442.0;;;;5.0;4729.0;;;;5.0;5055.0;432.0;15083.0;7269480.0;0.0;;;0.0;;2.7;195784.0;1.0;0.807969758497169;;;;0.0;;;;;;;;;;;;;;0.0;160983.0;;;;;;;;;;;;;;;;;;;;;;;;;;;;;;;;;;;;;;;;160983.0;1276.0;257.0;20525.0;6.2;;;;;1774.0;26428.0;;9.8;207.0;1071.0;14871.0;;;332099.0;242316.0;;"java=242311;js=5";;;143858.0;;26.4;;65736.0;46814.0;;;43.7;"0=214;5=206;10=178;20=109;30=166;60=65;90=133";3.1;"1=7956;2=3037;4=1310;6=582;8=318;10=194;12=681";80.0;0.0;7790.0;0.0;437.0;3902.0;3748.0;;;;;;;15957.0;0.0;15957.0;0.0;;;;
2018-02-23;442.0;;;;5.0;4729.0;;;;5.0;5065.0;433.0;15087.0;7274370.0;0.0;;;0.0;;2.7;195898.0;1.0;0.807896766317908;;;;0.0;;;;;;;;;;;;;;0.0;161099.0;;;;;;;;;;;;;;;;;;;;;;;;;;;;;;;;;;;;;;;;161099.0;1276.0;257.0;20525.0;6.2;;;;;1774.0;26446.0;;9.8;207.0;1071.0;14877.0;;;332290.0;242479.0;;"java=242474;js=5";;;143968.0;;26.4;;65803.0;46846.0;;;43.7;"0=214;5=206;10=178;20=109;30=166;60=65;90=133";3.1;"1=7960;2=3037;4=1310;6=583;8=318;10=194;12=682";81.0;0.0;7797.0;0.0;436.0;3899.0;3749.0;;;;;;;15962.0;0.0;15962.0;0.0;;;;
2018-03-02;442.0;;;;5.0;4729.0;;;;5.0;5065.0;433.0;15090.0;7276350.0;0.0;;;0.0;;2.7;195917.0;1.0;0.807755261910161;;;;0.0;;;;;;;;;;;;;;0.0;161152.0;;;;;;;;;;;;;;;;;;;;;;;;;;;;;;;;;;;;;;;;161152.0;1274.0;257.0;20495.0;6.2;;;;;1774.0;26451.0;;9.8;207.0;1071.0;14880.0;;;332368.0;242545.0;;"java=242540;js=5";;;144021.0;;26.4;;65817.0;46856.0;;;43.7;"0=214;5=206;10=178;20=109;30=166;60=65;90=133";3.1;"1=7963;2=3037;4=1310;6=583;8=318;10=194;12=682";81.0;0.0;7798.0;0.0;436.0;3900.0;3750.0;;;;;;;15965.0;0.0;15965.0;0.0;;;;
2018-03-09;442.0;;;;5.0;4729.0;;;;5.0;5065.0;433.0;15090.0;7276350.0;0.0;;;0.0;;2.7;195917.0;1.0;0.807755261910161;;;;0.0;;;;;;;;;;;;;;0.0;161152.0;;;;;;;;;;;;;;;;;;;;;;;;;;;;;;;;;;;;;;;;161152.0;1274.0;257.0;20495.0;6.2;;;;;1774.0;26451.0;;9.8;207.0;1071.0;14880.0;;;332368.0;242545.0;;"java=242540;js=5";;;144021.0;;26.4;;65817.0;46856.0;;;43.7;"0=214;5=206;10=178;20=109;30=166;60=65;90=133";3.1;"1=7963;2=3037;4=1310;6=583;8=318;10=194;12=682";81.0;0.0;7798.0;0.0;436.0;3900.0;3750.0;;;;;;;15965.0;0.0;15965.0;0.0;;;;
2018-03-16;442.0;;;;5.0;4729.0;;;;5.0;5065.0;433.0;15088.0;7276320.0;0.0;;;0.0;;2.7;195898.0;1.0;0.807680255953559;;;;0.0;;;;;;;;;;;;;;0.0;161149.0;;;;;;;;;;;;;;;;;;;;;;;;;;;;;;;;;;;;;;;;161149.0;1274.0;257.0;20495.0;6.2;;;;;1774.0;26452.0;;9.8;207.0;1071.0;14883.0;;;332373.0;242544.0;;"java=242539;js=5";;;144015.0;;26.4;;65813.0;46855.0;;;43.7;"0=214;5=206;10=178;20=109;30=166;60=65;90=133";3.1;"1=7965;2=3038;4=1310;6=584;8=317;10=194;12=682";81.0;0.0;7796.0;0.0;436.0;3900.0;3750.0;;;;;;;15963.0;0.0;15963.0;0.0;;;;
2018-03-23;442.0;;;;5.0;4729.0;;;;5.0;5065.0;433.0;15088.0;7275960.0;0.0;;;0.0;;2.7;195896.0;1.0;0.8077119720284334;;;;0.0;;;;;;;;;;;;;;0.0;161142.0;;;;;;;;;;;;;;;;;;;;;;;;;;;;;;;;;;;;;;;;161142.0;1274.0;257.0;20495.0;6.2;;;;;1774.0;26445.0;;9.8;207.0;1071.0;14883.0;;;332355.0;242532.0;;"java=242527;js=5";;;144006.0;;26.4;;65811.0;46852.0;;;43.7;"0=214;5=206;10=178;20=109;30=166;60=65;90=133";3.1;"1=7965;2=3038;4=1310;6=584;8=317;10=194;12=682";81.0;0.0;7796.0;0.0;436.0;3900.0;3750.0;;;;;;;15963.0;0.0;15963.0;0.0;;;;
2018-03-30;442.0;;;;5.0;4729.0;;;;5.0;5065.0;433.0;15088.0;7275960.0;0.0;;;0.0;;2.7;195897.0;1.0;0.8077160951956855;;;;0.0;;;;;;;;;;;;;;0.0;161141.0;;;;;;;;;;;;;;;;;;;;;;;;;;;;;;;;;;;;;;;;161141.0;1274.0;257.0;20495.0;6.2;;;;;1774.0;26444.0;;9.8;207.0;1071.0;14883.0;;;332353.0;242532.0;;"java=242527;js=5";;;144005.0;;26.4;;65812.0;46852.0;;;43.7;"0=214;5=206;10=178;20=109;30=166;60=65;90=133";3.1;"1=7965;2=3038;4=1310;6=584;8=317;10=194;12=682";81.0;0.0;7796.0;0.0;436.0;3900.0;3750.0;;;;;;;15963.0;0.0;15963.0;0.0;;;;
2018-04-06;442.0;;;;5.0;4729.0;;;;5.0;5065.0;433.0;15088.0;7275840.0;0.0;;;0.0;;2.7;195889.0;1.0;0.807696430927563;;;;0.0;;;;;;;;;;;;;;0.0;161137.0;;;;;;;;;;;;;;;;;;;;;;;;;;;;;;;;;;;;;;;;161137.0;1274.0;257.0;20495.0;6.2;;;;;1774.0;26443.0;;9.8;207.0;1071.0;14883.0;;;332348.0;242528.0;;"java=242523;js=5";;;144001.0;;26.4;;65812.0;46853.0;;;43.7;"0=214;5=206;10=178;20=109;30=166;60=65;90=133";3.1;"1=7965;2=3038;4=1309;6=585;8=317;10=194;12=682";81.0;0.0;7796.0;0.0;436.0;3900.0;3750.0;;;;;;;15963.0;0.0;15963.0;0.0;;;;
2018-04-13;442.0;;;;5.0;4729.0;;;;5.0;5065.0;433.0;15086.0;7275840.0;0.0;;;0.0;;2.7;195873.0;1.0;0.807630459163478;;;;0.0;;;;;;;;;;;;;;0.0;161137.0;;;;;;;;;;;;;;;;;;;;;;;;;;;;;;;;;;;;;;;;161137.0;1274.0;257.0;20495.0;6.2;;;;;1774.0;26443.0;;9.8;207.0;1071.0;14883.0;;;332348.0;242528.0;;"java=242523;js=5";;;144001.0;;26.4;;65812.0;46853.0;;;43.7;"0=214;5=206;10=178;20=109;30=166;60=65;90=133";3.1;"1=7965;2=3038;4=1309;6=585;8=317;10=194;12=682";81.0;0.0;7794.0;0.0;436.0;3900.0;3750.0;;;;;;;15961.0;0.0;15961.0;0.0;;;;
2018-04-20;442.0;;;;5.0;4729.0;;;;5.0;5065.0;433.0;15086.0;7275840.0;0.0;;;0.0;;2.7;195873.0;1.0;0.807630459163478;;;;0.0;;;;;;;;;;;;;;0.0;161137.0;;;;;;;;;;;;;;;;;;;;;;;;;;;;;;;;;;;;;;;;161137.0;1274.0;257.0;20495.0;6.2;;;;;1774.0;26443.0;;9.8;207.0;1071.0;14883.0;;;332348.0;242528.0;;"java=242523;js=5";;;144001.0;;26.4;;65812.0;46853.0;;;43.7;"0=214;5=206;10=178;20=109;30=166;60=65;90=133";3.1;"1=7965;2=3038;4=1309;6=585;8=317;10=194;12=682";81.0;0.0;7794.0;0.0;436.0;3900.0;3750.0;;;;;;;15961.0;0.0;15961.0;0.0;;;;
2018-04-27;442.0;;;;5.0;4729.0;;;;5.0;5065.0;433.0;15086.0;7275870.0;0.0;;;0.0;;2.7;195873.0;1.0;0.8076271291268261;;;;0.0;;;;;;;;;;;;;;0.0;161137.0;;;;;;;;;;;;;;;;;;;;;;;;;;;;;;;;;;;;;;;;161137.0;1274.0;257.0;20495.0;6.2;;;;;1774.0;26443.0;;9.8;207.0;1071.0;14883.0;;;332349.0;242529.0;;"java=242524;js=5";;;144001.0;;26.4;;65812.0;46853.0;;;43.7;"0=214;5=206;10=178;20=109;30=166;60=65;90=133";3.1;"1=7965;2=3038;4=1309;6=585;8=317;10=194;12=682";81.0;0.0;7794.0;0.0;436.0;3900.0;3750.0;;;;;;;15961.0;0.0;15961.0;0.0;;;;
2018-05-04;442.0;;;;5.0;4729.0;;;;5.0;5065.0;433.0;15085.0;7275870.0;0.0;;;0.0;;2.7;195868.0;1.0;0.8076065130355545;;;;0.0;;;;;;;;;;;;;;0.0;161137.0;;;;;;;;;;;;;;;;;;;;;;;;;;;;;;;;;;;;;;;;161137.0;1274.0;257.0;20495.0;6.2;;;;;1774.0;26443.0;;9.8;207.0;1071.0;14883.0;;;332349.0;242529.0;;"java=242524;js=5";;;144001.0;;26.4;;65812.0;46853.0;;;43.7;"0=214;5=206;10=178;20=109;30=166;60=65;90=133";3.1;"1=7965;2=3038;4=1309;6=585;8=317;10=194;12=682";81.0;0.0;7794.0;0.0;436.0;3899.0;3750.0;;;;;;;15960.0;0.0;15960.0;0.0;;;;
2018-05-11;442.0;;;;5.0;4729.0;;;;5.0;5065.0;433.0;15052.0;7265580.0;0.0;;;0.0;;2.7;195353.0;1.0;0.806623834573427;;;;0.0;;;;;;;;;;;;;;0.0;160853.0;;;;;;;;;;;;;;;;;;;;;;;;;;;;;;;;;;;;;;;;160853.0;1272.0;256.0;20447.0;6.2;;;;;1774.0;26421.0;;9.8;207.0;1071.0;14874.0;;;331906.0;242186.0;;"java=242181;js=5";;;143729.0;;26.4;;65746.0;46812.0;;;43.7;"0=214;5=206;10=178;20=109;30=166;60=66;90=132";3.1;"1=7960;2=3038;4=1308;6=584;8=316;10=194;12=681";81.0;0.0;7772.0;0.0;436.0;3896.0;3742.0;;;;;;;15927.0;0.0;15927.0;0.0;;;;
2018-05-18;443.0;;;;5.0;4739.0;;;;5.0;5065.0;433.0;15074.0;7263300.0;0.0;;;0.0;;2.7;195180.0;1.0;0.8061624881252323;;;;0.0;;;;;;;;;;;;;;0.0;160710.0;;;;;;;;;;;;;;;;;;;;;;;;;;;;;;;;;;;;;;;;160710.0;1274.0;256.0;20395.0;6.1;;;;;1779.0;26390.0;;9.8;208.0;1076.0;14905.0;;;331886.0;242110.0;;"java=242105;js=5";;;143592.0;;26.3;;65464.0;46721.0;;;43.4;"0=215;5=207;10=180;20=110;30=166;60=66;90=132";3.1;"1=7972;2=3045;4=1311;6=585;8=317;10=194;12=682";81.0;0.0;7786.0;0.0;438.0;3903.0;3742.0;;;;;;;15950.0;0.0;15950.0;0.0;;;;
2018-05-25;443.0;;;;5.0;4739.0;;;;5.0;5065.0;433.0;15071.0;7262730.0;0.0;;;0.0;;2.7;195161.0;1.0;0.8061472751981693;;;;0.0;;;;;;;;;;;;;;0.0;160697.0;;;;;;;;;;;;;;;;;;;;;;;;;;;;;;;;;;;;;;;;160697.0;1274.0;256.0;20395.0;6.1;;;;;1779.0;26390.0;;9.8;208.0;1076.0;14903.0;;;331860.0;242091.0;;"java=242086;js=5";;;143575.0;;26.3;;65454.0;46715.0;;;43.4;"0=215;5=207;10=180;20=110;30=166;60=66;90=132";3.1;"1=7973;2=3043;4=1310;6=585;8=317;10=193;12=683";81.0;0.0;7786.0;0.0;438.0;3901.0;3741.0;;;;;;;15947.0;0.0;15947.0;0.0;;;;
2018-06-01;444.0;;;;5.0;4749.0;;;;5.0;5065.0;433.0;15070.0;7264170.0;0.0;;;0.0;;2.7;195175.0;1.0;0.8060452880370366;;;;0.0;;;;;;;;;;;;;;0.0;160727.0;;;;;;;;;;;;;;;;;;;;;;;;;;;;;;;;;;;;;;;;160727.0;1277.0;256.0;20407.0;6.1;;;;;1779.0;26394.0;;9.8;208.0;1076.0;14909.0;;;331914.0;242139.0;;"java=242134;js=5";;;143605.0;;26.3;;65461.0;46730.0;;;43.4;"0=215;5=207;10=180;20=110;30=166;60=66;90=132";3.1;"1=7977;2=3043;4=1310;6=586;8=317;10=193;12=683";81.0;0.0;7783.0;0.0;439.0;3905.0;3739.0;;;;;;;15947.0;0.0;15947.0;0.0;;;;
2018-06-08;446.0;;;;5.0;4769.0;;;;5.0;5065.0;433.0;15070.0;7264800.0;0.0;;;0.0;;2.7;195173.0;1.0;0.8059671291707962;;;;0.0;;;;;;;;;;;;;;0.0;160742.0;;;;;;;;;;;;;;;;;;;;;;;;;;;;;;;;;;;;;;;;160742.0;1277.0;256.0;20415.0;6.2;;;;;1779.0;26394.0;;9.8;208.0;1076.0;14910.0;;;331933.0;242160.0;;"java=242155;js=5";;;143618.0;;26.3;;65467.0;46733.0;;;43.4;"0=215;5=207;10=180;20=110;30=166;60=66;90=132";3.1;"1=7978;2=3043;4=1310;6=586;8=317;10=193;12=683";81.0;0.0;7783.0;0.0;439.0;3907.0;3739.0;;;;;;;15949.0;0.0;15949.0;0.0;;;;
2018-06-15;445.0;;;;5.0;4764.0;;;;5.0;5065.0;433.0;15053.0;7261050.0;0.0;;;0.0;;2.7;195043.0;1.0;0.80584626190427;;;;0.0;;;;;;;;;;;;;;0.0;160664.0;;;;;;;;;;;;;;;;;;;;;;;;;;;;;;;;;;;;;;;;160664.0;1277.0;256.0;20415.0;6.2;;;;;1779.0;26354.0;;9.8;208.0;1076.0;14902.0;;;331737.0;242035.0;;"java=242030;js=5";;;143550.0;;26.3;;65448.0;46711.0;;;43.4;"0=215;5=207;10=181;20=110;30=165;60=66;90=132";3.1;"1=7976;2=3040;4=1309;6=585;8=317;10=193;12=683";81.0;0.0;7779.0;0.0;439.0;3902.0;3730.0;;;;;;;15931.0;0.0;15931.0;0.0;;;;
2018-06-22;445.0;;;;5.0;4764.0;;;;5.0;5075.0;434.0;15054.0;7261620.0;0.0;;;0.0;;2.7;195071.0;1.0;0.8058986837647798;;;;0.0;;;;;;;;;;;;;;0.0;160680.0;;;;;;;;;;;;;;;;;;;;;;;;;;;;;;;;;;;;;;;;160680.0;1277.0;256.0;20415.0;6.2;;;;;1779.0;26354.0;;9.8;208.0;1076.0;14902.0;;;331760.0;242054.0;;"java=242049;js=5";;;143565.0;;26.3;;65458.0;46714.0;;;43.4;"0=215;5=207;10=181;20=110;30=165;60=66;90=132";3.1;"1=7976;2=3040;4=1309;6=585;8=317;10=193;12=683";81.0;0.0;7780.0;0.0;439.0;3902.0;3731.0;;;;;;;15933.0;0.0;15933.0;0.0;;;;
2018-06-29;446.0;;;;5.0;4774.0;;;;5.0;5105.0;436.0;15053.0;7267560.0;0.0;;;0.0;;2.7;194974.0;1.0;0.8048395885276489;;;;0.0;;;;;;;;;;;;;;0.0;160720.0;;;;;;;;;;;;;;;;;;;;;;;;;;;;;;;;;;;;;;;;160720.0;1277.0;256.0;20415.0;6.1;;;;;1782.0;26380.0;;9.8;208.0;1078.0;14947.0;;;332161.0;242252.0;;"java=242247;js=5";;;143591.0;;26.3;;65430.0;46785.0;;;43.4;"0=216;5=207;10=181;20=110;30=166;60=66;90=132";3.1;"1=8025;2=3038;4=1307;6=585;8=317;10=193;12=683";81.0;0.0;7783.0;0.0;439.0;3894.0;3738.0;;;;;;;15935.0;0.0;15935.0;0.0;;;;
2018-07-06;444.0;;;;5.0;4754.0;;;;5.0;5075.0;434.0;15046.0;7258020.0;0.0;;;0.0;;2.7;194998.0;1.0;0.8059966767796176;;;;0.0;;;;;;;;;;;;;;0.0;160575.0;;;;;;;;;;;;;;;;;;;;;;;;;;;;;;;;;;;;;;;;160575.0;1274.0;256.0;20403.0;6.2;;;;;1779.0;26357.0;;9.8;208.0;1076.0;14899.0;;;331719.0;241934.0;;"java=241929;js=5";;;143473.0;;26.2;;65425.0;46698.0;;;43.4;"0=215;5=207;10=181;20=110;30=165;60=66;90=132";3.1;"1=7986;2=3034;4=1304;6=584;8=317;10=193;12=683";81.0;0.0;7781.0;0.0;439.0;3892.0;3731.0;;;;;;;15924.0;0.0;15924.0;0.0;;;;
2018-07-13;445.0;;;;5.0;4764.0;;;;5.0;5075.0;434.0;15050.0;7263210.0;0.0;;;0.0;;2.7;195039.0;1.0;0.8055900903319606;;;;0.0;;;;;;;;;;;;;;0.0;160666.0;;;;;;;;;;;;;;;;;;;;;;;;;;;;;;;;;;;;;;;;160666.0;1277.0;256.0;20393.0;6.1;;;;;1779.0;26389.0;;9.8;208.0;1076.0;14922.0;;;331951.0;242107.0;;"java=242102;js=5";;;143560.0;;26.3;;65458.0;46739.0;;;43.4;"0=215;5=207;10=181;20=110;30=165;60=66;90=132";3.1;"1=8004;2=3034;4=1305;6=585;8=318;10=193;12=683";81.0;0.0;7782.0;0.0;441.0;3894.0;3731.0;;;;;;;15929.0;0.0;15929.0;0.0;;;;
2018-07-20;445.0;;;;5.0;4764.0;;;;5.0;5075.0;434.0;15052.0;7264710.0;0.0;;;0.0;;2.7;195074.0;1.0;0.8055682883418609;;;;0.0;;;;;;;;;;;;;;0.0;160702.0;;;;;;;;;;;;;;;;;;;;;;;;;;;;;;;;;;;;;;;;160702.0;1277.0;256.0;20393.0;6.1;;;;;1779.0;26389.0;;9.8;208.0;1076.0;14923.0;;;332007.0;242157.0;;"java=242152;js=5";;;143589.0;;26.3;;65468.0;46744.0;;;43.4;"0=215;5=207;10=181;20=110;30=165;60=66;90=132";3.1;"1=8004;2=3034;4=1306;6=585;8=318;10=193;12=683";81.0;0.0;7783.0;0.0;441.0;3895.0;3731.0;;;;;;;15931.0;0.0;15931.0;0.0;;;;
2018-07-27;445.0;;;;5.0;4764.0;;;;5.0;5075.0;434.0;15050.0;7261470.0;0.0;;;0.0;;2.7;194988.0;1.0;0.8055724254179939;;;;0.0;;;;;;;;;;;;;;0.0;160611.0;;;;;;;;;;;;;;;;;;;;;;;;;;;;;;;;;;;;;;;;160611.0;1275.0;256.0;20363.0;6.1;;;;;1779.0;26372.0;;9.8;208.0;1076.0;14915.0;;;331857.0;242049.0;;"java=242044;js=5";;;143512.0;;26.3;;65455.0;46730.0;;;43.4;"0=215;5=207;10=181;20=110;30=166;60=65;90=132";3.1;"1=7999;2=3032;4=1305;6=585;8=318;10=193;12=683";81.0;0.0;7782.0;0.0;441.0;3895.0;3730.0;;;;;;;15929.0;0.0;15929.0;0.0;;;;
2018-08-03;445.0;;;;5.0;4764.0;;;;5.0;5075.0;434.0;15040.0;7258590.0;0.0;;;0.0;;2.7;194829.0;1.0;0.8052349009931681;;;;0.0;;;;;;;;;;;;;;0.0;160534.0;;;;;;;;;;;;;;;;;;;;;;;;;;;;;;;;;;;;;;;;160534.0;1275.0;256.0;20363.0;6.1;;;;;1778.0;26358.0;;9.8;208.0;1076.0;14909.0;;;331734.0;241953.0;;"java=241948;js=5";;;143435.0;;26.3;;65358.0;46699.0;;;43.4;"0=215;5=207;10=181;20=110;30=166;60=65;90=132";3.1;"1=8003;2=3027;4=1302;6=584;8=318;10=193;12=682";81.0;0.0;7781.0;0.0;441.0;3886.0;3730.0;;;;;;;15919.0;0.0;15919.0;0.0;;;;
2018-08-10;422.0;;;;5.0;4634.0;;;;5.0;5105.0;435.0;15011.0;7259970.0;0.0;;;0.0;;2.7;194677.0;1.0;0.8044537374121381;;;;0.0;;;;;;;;;;;;;;0.0;160555.0;;;;;;;;;;;;;;;;;;;;;;;;;;;;;;;;;;;;;;;;160555.0;1275.0;256.0;20363.0;6.1;;;;;1778.0;26358.0;;9.8;208.0;1076.0;14912.0;;;331783.0;241999.0;;"java=241994;js=5";;;143457.0;;26.3;;65359.0;46708.0;;;43.4;"0=215;5=207;10=181;20=110;30=166;60=65;90=132";3.1;"1=8006;2=3027;4=1302;6=584;8=318;10=193;12=682";82.0;0.0;7782.0;0.0;441.0;3856.0;3707.0;;;;;;;15868.0;0.0;15868.0;0.0;;;;
2018-08-17;422.0;;;;5.0;4634.0;;;;5.0;5135.0;437.0;15009.0;7263750.0;0.0;;;0.0;;2.7;194470.0;1.0;0.8031801755291689;;;;0.0;;;;;;;;;;;;;;0.0;160583.0;;;;;;;;;;;;;;;;;;;;;;;;;;;;;;;;;;;;;;;;160583.0;1275.0;256.0;20363.0;6.1;;;;;1782.0;26390.0;;9.8;208.0;1079.0;14949.0;;;332037.0;242125.0;;"java=242120;js=5";;;143471.0;;26.2;;65251.0;46734.0;;;43.3;"0=216;5=208;10=182;20=110;30=166;60=65;90=132";3.1;"1=8034;2=3034;4=1308;6=582;8=318;10=194;12=679";82.0;0.0;7783.0;0.0;441.0;3853.0;3709.0;;;;;;;15868.0;0.0;15868.0;0.0;;;;
2018-08-24;421.0;;;;5.0;4624.0;;;;5.0;5135.0;437.0;15005.0;7261860.0;0.0;;;0.0;;2.7;194423.0;1.0;0.8031950492022705;;;;0.0;;;;;;;;;;;;;;0.0;160541.0;;;;;;;;;;;;;;;;;;;;;;;;;;;;;;;;;;;;;;;;160541.0;1272.0;256.0;20351.0;6.1;;;;;1782.0;26388.0;;9.8;208.0;1079.0;14943.0;;;331974.0;242062.0;;"java=242057;js=5";;;143433.0;;26.2;;65234.0;46719.0;;;43.3;"0=216;5=208;10=182;20=110;30=166;60=65;90=132";3.1;"1=8030;2=3034;4=1308;6=581;8=318;10=194;12=679";82.0;0.0;7783.0;0.0;440.0;3850.0;3708.0;;;;;;;15863.0;0.0;15863.0;0.0;;;;
2018-08-31;422.0;;;;5.0;4634.0;;;;5.0;5135.0;437.0;15002.0;7264380.0;0.0;;;0.0;;2.7;194353.0;1.0;0.8026273405300934;;;;0.0;;;;;;;;;;;;;;0.0;160589.0;;;;;;;;;;;;;;;;;;;;;;;;;;;;;;;;;;;;;;;;160589.0;1272.0;256.0;20351.0;6.1;;;;;1783.0;26375.0;;9.8;208.0;1080.0;14954.0;;;332072.0;242146.0;;"java=242141;js=5";;;143462.0;;26.2;;65220.0;46738.0;;;43.3;"0=216;5=209;10=182;20=110;30=166;60=65;90=132";3.1;"1=8038;2=3039;4=1305;6=581;8=318;10=194;12=679";82.0;0.0;7789.0;0.0;441.0;3846.0;3703.0;;;;;;;15861.0;0.0;15861.0;0.0;;;;
2018-09-07;424.0;;;;5.0;4654.0;;;;5.0;5135.0;437.0;15012.0;7270050.0;0.0;;;0.0;;2.7;194515.0;1.0;0.8026698578414179;;;;0.0;;;;;;;;;;;;;;0.0;160708.0;;;;;;;;;;;;;;;;;;;;;;;;;;;;;;;;;;;;;;;;160708.0;1272.0;256.0;20351.0;6.1;;;;;1784.0;26402.0;;9.8;208.0;1080.0;14965.0;;;332313.0;242335.0;;"java=242330;js=5";;;143570.0;;26.2;;65299.0;46787.0;;;43.3;"0=216;5=209;10=182;20=110;30=166;60=65;90=132";3.1;"1=8043;2=3041;4=1307;6=582;8=319;10=194;12=679";82.0;0.0;7792.0;0.0;442.0;3853.0;3704.0;;;;;;;15873.0;0.0;15873.0;0.0;;;;
2018-09-14;427.0;;;;5.0;4684.0;;;;5.0;5135.0;437.0;15019.0;7275990.0;0.0;;;0.0;;2.7;194612.0;1.0;0.8024145167874063;;;;0.0;;;;;;;;;;;;;;0.0;160842.0;;;;;;;;;;;;;;;;;;;;;;;;;;;;;;;;;;;;;;;;160842.0;1272.0;256.0;20351.0;6.1;;;;;1784.0;26420.0;;9.8;208.0;1080.0;14975.0;;;332541.0;242533.0;;"java=242528;js=5";;;143697.0;;26.3;;65362.0;46835.0;;;43.4;"0=216;5=209;10=181;20=111;30=165;60=66;90=132";3.1;"1=8046;2=3045;4=1308;6=582;8=320;10=194;12=680";82.0;0.0;7797.0;0.0;442.0;3857.0;3705.0;;;;;;;15883.0;0.0;15883.0;0.0;;;;
2018-09-21;427.0;;;;5.0;4684.0;;;;5.0;5135.0;437.0;15020.0;7276020.0;0.0;;;0.0;;2.7;194619.0;1.0;0.8024400702581906;;;;0.0;;;;;;;;;;;;;;0.0;160841.0;;;;;;;;;;;;;;;;;;;;;;;;;;;;;;;;;;;;;;;;160841.0;1272.0;256.0;20339.0;6.1;;;;;1784.0;26420.0;;9.8;208.0;1080.0;14975.0;;;332541.0;242534.0;;"java=242529;js=5";;;143696.0;;26.3;;65364.0;46836.0;;;43.4;"0=216;5=209;10=181;20=111;30=165;60=66;90=132";3.1;"1=8046;2=3045;4=1308;6=582;8=320;10=194;12=680";82.0;0.0;7798.0;0.0;443.0;3855.0;3706.0;;;;;;;15884.0;0.0;15884.0;0.0;;;;
2018-09-28;429.0;2.0;3.0;20.0;5.0;4704.0;1.0;0.0;0.0;5.0;5135.0;437.0;15052.0;7285680.0;0.0;33.0;1.0;0.0;304.0;2.7;194989.0;1.0;0.8028996607042856;;;;0.0;;;;;;;;;;;;;;0.0;161084.0;;;;;;;;;;;;;;;;;;;;;;;;;;;;;;;;;;;;;;;;161084.0;1272.0;256.0;20339.0;6.1;;;;;1785.0;26483.0;;9.8;208.0;1081.0;14983.0;;;333015.0;242856.0;;"java=242851;js=5";;;143894.0;;26.3;;65417.0;46885.0;46885.0;46179.0;43.4;"0=216;5=209;10=182;20=111;30=165;60=66;90=132";3.1;"1=8046;2=3047;4=1310;6=585;8=320;10=194;12=681";82.0;0.0;7824.0;0.0;443.0;3860.0;3709.0;0.0;27.0;0.0;5.0;3.0;35.0;15918.0;0.0;15918.0;0.0;;;;
